"ID","Description","GeneRatio","BgRatio","pvalue","p.adjust","qvalue","geneID","Count"
"hsa04974","Protein digestion and absorption","6/86","103/8521",0.000579872362040663,0.0997380462709941,0.0958315377267202,"1301/1290/1293/1295/1297/3783",6
"hsa00330","Arginine and proline metabolism","4/86","50/8521",0.00156411164674862,0.108068095348672,0.103835318052274,"65263/219/283208/4128",4
"hsa04024","cAMP signaling pathway","8/86","225/8521",0.00188490863980242,0.108068095348672,0.103835318052274,"3352/1907/64399/2149/11149/64208/10846/2353",8
